{
  "id": "2138469",
  "name": "tic",
  "font_family": "iconfont",
  "css_prefix_text": "icon",
  "description": "京东到家hackathon",
  "glyphs": [
    {
      "icon_id": "12667536",
      "name": "报表-01",
      "font_class": "baobiao-",
      "unicode": "e601",
      "unicode_decimal": 58881
    },
    {
      "icon_id": "12675940",
      "name": "曲线图-01",
      "font_class": "quxiantu-",
      "unicode": "e602",
      "unicode_decimal": 58882
    },
    {
      "icon_id": "12675941",
      "name": "双轴图-01",
      "font_class": "shuangzhoutu-",
      "unicode": "e603",
      "unicode_decimal": 58883
    },
    {
      "icon_id": "12675942",
      "name": "条形图-01",
      "font_class": "tiaoxingtu-",
      "unicode": "e604",
      "unicode_decimal": 58884
    },
    {
      "icon_id": "12675943",
      "name": "数据表-01",
      "font_class": "shujubiao-",
      "unicode": "e605",
      "unicode_decimal": 58885
    },
    {
      "icon_id": "12675944",
      "name": "环形图-01",
      "font_class": "huanxingtu-",
      "unicode": "e606",
      "unicode_decimal": 58886
    },
    {
      "icon_id": "12675945",
      "name": "列表-01",
      "font_class": "liebiao-",
      "unicode": "e607",
      "unicode_decimal": 58887
    },
    {
      "icon_id": "12675946",
      "name": "柱状图-01",
      "font_class": "zhuzhuangtu-",
      "unicode": "e608",
      "unicode_decimal": 58888
    },
    {
      "icon_id": "12675947",
      "name": "饼状图-01",
      "font_class": "bingzhuangtu-",
      "unicode": "e609",
      "unicode_decimal": 58889
    },
    {
      "icon_id": "12675949",
      "name": "折线图-01",
      "font_class": "zhexiantu-",
      "unicode": "e60a",
      "unicode_decimal": 58890
    },
    {
      "icon_id": "12676268",
      "name": "保存-01",
      "font_class": "baocun-",
      "unicode": "e60b",
      "unicode_decimal": 58891
    },
    {
      "icon_id": "12676318",
      "name": "交互-01-01",
      "font_class": "jiaohu--",
      "unicode": "e60c",
      "unicode_decimal": 58892
    },
    {
      "icon_id": "12676703",
      "name": "图层-01-01",
      "font_class": "tuceng--",
      "unicode": "e60d",
      "unicode_decimal": 58893
    },
    {
      "icon_id": "12680502",
      "name": "成功2-01",
      "font_class": "chenggong-",
      "unicode": "e60e",
      "unicode_decimal": 58894
    },
    {
      "icon_id": "12680503",
      "name": "失败2-01",
      "font_class": "shibai-",
      "unicode": "e60f",
      "unicode_decimal": 58895
    },
    {
      "icon_id": "12680504",
      "name": "成功-01",
      "font_class": "chenggong-1",
      "unicode": "e610",
      "unicode_decimal": 58896
    },
    {
      "icon_id": "12680505",
      "name": "失败-01",
      "font_class": "shibai-1",
      "unicode": "e611",
      "unicode_decimal": 58897
    },
    {
      "icon_id": "12680506",
      "name": "提醒2-01",
      "font_class": "tixing-",
      "unicode": "e612",
      "unicode_decimal": 58898
    },
    {
      "icon_id": "12680507",
      "name": "提醒-01",
      "font_class": "tixing-1",
      "unicode": "e613",
      "unicode_decimal": 58899
    },
    {
      "icon_id": "12680610",
      "name": "搜索-01",
      "font_class": "sousuo-",
      "unicode": "e614",
      "unicode_decimal": 58900
    }
  ]
}
